epoch,itr,loss,uncertainty,maskA,maskB,time_ms
epoch,itr,loss,uncertainty,maskA,maskB,time_ms
1,1,0.21186,0.00000,32.00000,16.00000,7400
1,17,0.17388,0.00000,36.00000,28.00000,99
1,33,0.16139,0.00000,27.00000,37.00000,88
1,49,0.15356,0.00000,32.00000,32.00000,94
1,65,0.14790,0.00000,37.00000,27.00000,102
1,81,0.14305,0.00000,30.00000,17.00000,88
1,97,0.13862,0.00000,26.00000,38.00000,87
1,113,0.13459,0.00000,38.00000,26.00000,103
1,129,0.13072,0.00000,27.00000,37.00000,88
1,145,0.12702,0.00000,26.00000,38.00000,87
1,161,0.12344,0.00000,33.00000,15.00000,92
1,177,0.11999,0.00000,31.00000,33.00000,93
1,193,0.11668,0.00000,27.00000,37.00000,88
1,209,0.11358,0.00000,33.00000,31.00000,96
1,225,0.11057,0.00000,35.00000,29.00000,98
1,241,0.10769,0.00000,36.00000,14.00000,96
1,257,0.10498,0.00000,29.00000,35.00000,91
1,273,0.10242,0.00000,33.00000,31.00000,96
1,289,0.09997,0.00000,30.00000,34.00000,92
1,305,0.09764,0.00000,29.00000,35.00000,91
1,321,0.09538,0.00000,27.00000,18.00000,83
1,337,0.09324,0.00000,28.00000,36.00000,91
1,353,0.09118,0.00000,32.00000,32.00000,94
1,369,0.08925,0.00000,34.00000,30.00000,97
1,385,0.08741,0.00000,36.00000,28.00000,99
2,1,0.04289,0.00000,25.00000,19.00000,81
2,17,0.04305,0.00000,37.00000,27.00000,102
2,33,0.04289,0.00000,34.00000,30.00000,97
2,49,0.04212,0.00000,33.00000,31.00000,96
2,65,0.04151,0.00000,35.00000,29.00000,98
2,81,0.04078,0.00000,36.00000,14.00000,95
2,97,0.04029,0.00000,38.00000,26.00000,103
2,113,0.03978,0.00000,28.00000,36.00000,90
2,129,0.03929,0.00000,26.00000,38.00000,86
2,145,0.03877,0.00000,34.00000,30.00000,97
2,161,0.03827,0.00000,37.00000,13.00000,99
2,177,0.03784,0.00000,32.00000,32.00000,94
2,193,0.03746,0.00000,28.00000,36.00000,90
2,209,0.03708,0.00000,33.00000,31.00000,96
2,225,0.03672,0.00000,33.00000,31.00000,96
2,241,0.03633,0.00000,29.00000,17.00000,86
2,257,0.03597,0.00000,35.00000,29.00000,98
2,273,0.03560,0.00000,37.00000,27.00000,102
2,289,0.03530,0.00000,30.00000,34.00000,92
2,305,0.03498,0.00000,37.00000,27.00000,102
2,321,0.03468,0.00000,32.00000,16.00000,90
2,337,0.03440,0.00000,26.00000,38.00000,86
2,353,0.03412,0.00000,34.00000,30.00000,97
2,369,0.03386,0.00000,29.00000,35.00000,91
2,385,0.03365,0.00000,33.00000,31.00000,96
3,1,0.02701,0.00000,31.00000,16.00000,89
3,17,0.02705,0.00000,37.00000,27.00000,102
3,33,0.02717,0.00000,34.00000,30.00000,98
3,49,0.02739,0.00000,31.00000,33.00000,92
3,65,0.02730,0.00000,31.00000,33.00000,92
3,81,0.02708,0.00000,30.00000,17.00000,88
3,97,0.02694,0.00000,27.00000,37.00000,87
3,113,0.02683,0.00000,27.00000,37.00000,87
3,129,0.02671,0.00000,35.00000,29.00000,98
3,145,0.02650,0.00000,26.00000,38.00000,87
3,161,0.02635,0.00000,35.00000,14.00000,95
3,177,0.02622,0.00000,29.00000,35.00000,91
3,193,0.02606,0.00000,34.00000,30.00000,98
3,209,0.02592,0.00000,28.00000,36.00000,90
3,225,0.02577,0.00000,25.00000,39.00000,86
3,241,0.02564,0.00000,34.00000,15.00000,94
3,257,0.02546,0.00000,31.00000,33.00000,92
3,273,0.02532,0.00000,33.00000,31.00000,96
3,289,0.02523,0.00000,25.00000,39.00000,86
3,305,0.02516,0.00000,27.00000,37.00000,88
3,321,0.02500,0.00000,36.00000,14.00000,96
3,337,0.02486,0.00000,28.00000,36.00000,90
3,353,0.02472,0.00000,28.00000,36.00000,90
3,369,0.02456,0.00000,30.00000,34.00000,92
3,385,0.02445,0.00000,32.00000,32.00000,94
4,1,0.02018,0.00000,35.00000,14.00000,95
4,17,0.02179,0.00000,32.00000,32.00000,94
4,33,0.02208,0.00000,37.00000,27.00000,102
4,49,0.02232,0.00000,32.00000,32.00000,94
4,65,0.02211,0.00000,38.00000,26.00000,103
4,81,0.02199,0.00000,37.00000,13.00000,99
4,97,0.02189,0.00000,34.00000,30.00000,98
4,113,0.02190,0.00000,27.00000,37.00000,88
4,129,0.02187,0.00000,36.00000,28.00000,99
4,145,0.02178,0.00000,26.00000,38.00000,86
4,161,0.02169,0.00000,27.00000,18.00000,83
4,177,0.02163,0.00000,30.00000,34.00000,92
4,193,0.02158,0.00000,28.00000,36.00000,90
4,209,0.02156,0.00000,26.00000,38.00000,87
4,225,0.02149,0.00000,26.00000,38.00000,87
4,241,0.02142,0.00000,35.00000,14.00000,95
4,257,0.02133,0.00000,31.00000,33.00000,93
4,273,0.02130,0.00000,32.00000,32.00000,94
4,289,0.02124,0.00000,29.00000,35.00000,91
4,305,0.02117,0.00000,33.00000,31.00000,96
4,321,0.02108,0.00000,29.00000,17.00000,86
4,337,0.02100,0.00000,36.00000,28.00000,99
4,353,0.02094,0.00000,37.00000,27.00000,102
4,369,0.02089,0.00000,33.00000,31.00000,96
4,385,0.02084,0.00000,36.00000,28.00000,99
5,1,0.02027,0.00000,28.00000,18.00000,109
5,17,0.01945,0.00000,36.00000,28.00000,101
5,33,0.01946,0.00000,36.00000,28.00000,99
5,49,0.01949,0.00000,28.00000,36.00000,90
5,65,0.01934,0.00000,34.00000,30.00000,98
5,81,0.01932,0.00000,30.00000,17.00000,88
5,97,0.01920,0.00000,27.00000,37.00000,88
5,113,0.01900,0.00000,34.00000,30.00000,98
5,129,0.01904,0.00000,33.00000,31.00000,96
5,145,0.01898,0.00000,31.00000,33.00000,93
5,161,0.01895,0.00000,33.00000,15.00000,92
5,177,0.01897,0.00000,32.00000,32.00000,95
5,193,0.01891,0.00000,32.00000,32.00000,95
5,209,0.01888,0.00000,36.00000,28.00000,99
5,225,0.01888,0.00000,28.00000,36.00000,90
5,241,0.01892,0.00000,32.00000,16.00000,90
5,257,0.01889,0.00000,26.00000,38.00000,87
5,273,0.01886,0.00000,29.00000,35.00000,91
5,289,0.01879,0.00000,36.00000,28.00000,99
5,305,0.01872,0.00000,34.00000,30.00000,98
5,321,0.01864,0.00000,26.00000,19.00000,82
5,337,0.01864,0.00000,32.00000,32.00000,94
5,353,0.01860,0.00000,38.00000,26.00000,103
5,369,0.01857,0.00000,26.00000,38.00000,86
5,385,0.01857,0.00000,37.00000,27.00000,102
6,1,0.01762,0.00000,32.00000,16.00000,105
6,17,0.01807,0.00000,26.00000,38.00000,87
6,33,0.01777,0.00000,32.00000,32.00000,94
6,49,0.01759,0.00000,35.00000,29.00000,99
6,65,0.01760,0.00000,31.00000,33.00000,93
6,81,0.01752,0.00000,33.00000,15.00000,92
6,97,0.01748,0.00000,36.00000,28.00000,99
6,113,0.01748,0.00000,31.00000,33.00000,92
6,129,0.01740,0.00000,33.00000,31.00000,96
6,145,0.01731,0.00000,34.00000,30.00000,98
6,161,0.01730,0.00000,32.00000,16.00000,90
6,177,0.01728,0.00000,27.00000,37.00000,87
6,193,0.01726,0.00000,36.00000,28.00000,99
6,209,0.01719,0.00000,27.00000,37.00000,87
6,225,0.01714,0.00000,36.00000,28.00000,99
6,241,0.01713,0.00000,34.00000,15.00000,94
6,257,0.01711,0.00000,30.00000,34.00000,92
6,273,0.01708,0.00000,36.00000,28.00000,99
6,289,0.01704,0.00000,28.00000,36.00000,90
6,305,0.01704,0.00000,27.00000,37.00000,87
6,321,0.01704,0.00000,36.00000,14.00000,96
6,337,0.01700,0.00000,36.00000,28.00000,99
6,353,0.01698,0.00000,32.00000,32.00000,94
6,369,0.01696,0.00000,25.00000,39.00000,86
6,385,0.01695,0.00000,33.00000,31.00000,96
7,1,0.01669,0.00000,33.00000,15.00000,93
7,17,0.01673,0.00000,27.00000,37.00000,88
7,33,0.01631,0.00000,36.00000,28.00000,99
7,49,0.01632,0.00000,37.00000,27.00000,102
7,65,0.01645,0.00000,34.00000,30.00000,97
7,81,0.01641,0.00000,31.00000,16.00000,88
7,97,0.01644,0.00000,30.00000,34.00000,92
7,113,0.01638,0.00000,36.00000,28.00000,99
7,129,0.01635,0.00000,29.00000,35.00000,91
7,145,0.01626,0.00000,37.00000,27.00000,102
7,161,0.01622,0.00000,36.00000,14.00000,96
7,177,0.01619,0.00000,31.00000,33.00000,92
7,193,0.01616,0.00000,29.00000,35.00000,91
7,209,0.01610,0.00000,37.00000,27.00000,102
7,225,0.01607,0.00000,37.00000,27.00000,102
7,241,0.01600,0.00000,27.00000,18.00000,83
7,257,0.01595,0.00000,28.00000,36.00000,90
7,273,0.01597,0.00000,25.00000,39.00000,86
7,289,0.01594,0.00000,32.00000,32.00000,94
7,305,0.01594,0.00000,36.00000,28.00000,99
7,321,0.01591,0.00000,36.00000,14.00000,95
7,337,0.01591,0.00000,33.00000,31.00000,96
7,353,0.01588,0.00000,32.00000,32.00000,94
7,369,0.01584,0.00000,33.00000,31.00000,96
7,385,0.01581,0.00000,31.00000,33.00000,92
8,1,0.01795,0.00000,26.00000,19.00000,103
8,17,0.01523,0.00000,34.00000,30.00000,98
8,33,0.01565,0.00000,34.00000,30.00000,97
8,49,0.01558,0.00000,33.00000,31.00000,96
8,65,0.01549,0.00000,33.00000,31.00000,96
8,81,0.01543,0.00000,33.00000,15.00000,92
8,97,0.01532,0.00000,25.00000,39.00000,86
8,113,0.01528,0.00000,27.00000,37.00000,88
8,129,0.01522,0.00000,29.00000,35.00000,91
8,145,0.01524,0.00000,27.00000,37.00000,88
8,161,0.01517,0.00000,34.00000,15.00000,94
8,177,0.01517,0.00000,28.00000,36.00000,90
8,193,0.01512,0.00000,34.00000,30.00000,98
8,209,0.01511,0.00000,28.00000,36.00000,90
8,225,0.01510,0.00000,36.00000,28.00000,100
8,241,0.01509,0.00000,28.00000,18.00000,86
8,257,0.01510,0.00000,28.00000,36.00000,90
8,273,0.01511,0.00000,30.00000,34.00000,92
8,289,0.01508,0.00000,34.00000,30.00000,98
8,305,0.01505,0.00000,33.00000,31.00000,96
8,321,0.01504,0.00000,29.00000,17.00000,87
8,337,0.01500,0.00000,28.00000,36.00000,90
8,353,0.01498,0.00000,35.00000,29.00000,98
8,369,0.01497,0.00000,33.00000,31.00000,96
8,385,0.01497,0.00000,33.00000,31.00000,96
9,1,0.01533,0.00000,28.00000,18.00000,86
9,17,0.01489,0.00000,31.00000,33.00000,93
9,33,0.01464,0.00000,34.00000,30.00000,98
9,49,0.01437,0.00000,32.00000,32.00000,95
9,65,0.01445,0.00000,31.00000,33.00000,93
9,81,0.01447,0.00000,35.00000,14.00000,95
9,97,0.01454,0.00000,27.00000,37.00000,88
9,113,0.01455,0.00000,27.00000,37.00000,88
9,129,0.01455,0.00000,26.00000,38.00000,87
9,145,0.01456,0.00000,37.00000,27.00000,102
9,161,0.01450,0.00000,33.00000,15.00000,92
9,177,0.01450,0.00000,36.00000,28.00000,99
9,193,0.01451,0.00000,27.00000,37.00000,88
9,209,0.01448,0.00000,29.00000,35.00000,91
9,225,0.01440,0.00000,34.00000,30.00000,98
9,241,0.01436,0.00000,34.00000,15.00000,94
9,257,0.01434,0.00000,33.00000,31.00000,97
9,273,0.01434,0.00000,29.00000,35.00000,91
9,289,0.01437,0.00000,30.00000,34.00000,92
9,305,0.01436,0.00000,37.00000,27.00000,102
9,321,0.01432,0.00000,34.00000,15.00000,94
9,337,0.01431,0.00000,30.00000,34.00000,92
9,353,0.01430,0.00000,35.00000,29.00000,99
9,369,0.01432,0.00000,27.00000,37.00000,88
9,385,0.01429,0.00000,37.00000,27.00000,102
10,1,0.01429,0.00000,29.00000,17.00000,110
10,17,0.01352,0.00000,38.00000,26.00000,103
10,33,0.01390,0.00000,33.00000,31.00000,96
10,49,0.01410,0.00000,36.00000,28.00000,100
10,65,0.01409,0.00000,25.00000,39.00000,87
10,81,0.01394,0.00000,33.00000,15.00000,93
10,97,0.01392,0.00000,33.00000,31.00000,97
10,113,0.01396,0.00000,31.00000,33.00000,92
10,129,0.01401,0.00000,34.00000,30.00000,98
10,145,0.01410,0.00000,33.00000,31.00000,96
10,161,0.01407,0.00000,29.00000,17.00000,87
10,177,0.01403,0.00000,36.00000,28.00000,99
10,193,0.01404,0.00000,25.00000,39.00000,86
10,209,0.01404,0.00000,34.00000,30.00000,98
10,225,0.01400,0.00000,29.00000,35.00000,91
10,241,0.01394,0.00000,34.00000,15.00000,94
10,257,0.01396,0.00000,35.00000,29.00000,98
10,273,0.01393,0.00000,26.00000,38.00000,87
10,289,0.01393,0.00000,28.00000,36.00000,90
10,305,0.01391,0.00000,34.00000,30.00000,98
10,321,0.01391,0.00000,34.00000,15.00000,94
10,337,0.01392,0.00000,25.00000,39.00000,86
10,353,0.01387,0.00000,37.00000,27.00000,102
10,369,0.01385,0.00000,37.00000,27.00000,103
10,385,0.01383,0.00000,35.00000,29.00000,98
11,1,0.01640,0.00000,26.00000,19.00000,83
11,17,0.01331,0.00000,35.00000,29.00000,99
11,33,0.01349,0.00000,34.00000,30.00000,98
11,49,0.01374,0.00000,36.00000,28.00000,99
11,65,0.01348,0.00000,37.00000,27.00000,102
11,81,0.01337,0.00000,36.00000,14.00000,95
11,97,0.01328,0.00000,33.00000,31.00000,96
11,113,0.01323,0.00000,29.00000,35.00000,91
11,129,0.01324,0.00000,30.00000,34.00000,92
11,145,0.01329,0.00000,32.00000,32.00000,94
11,161,0.01329,0.00000,31.00000,16.00000,88
11,177,0.01334,0.00000,26.00000,38.00000,87
11,193,0.01328,0.00000,34.00000,30.00000,98
11,209,0.01333,0.00000,30.00000,34.00000,92
11,225,0.01332,0.00000,34.00000,30.00000,98
11,241,0.01328,0.00000,32.00000,16.00000,90
11,257,0.01328,0.00000,30.00000,34.00000,92
11,273,0.01333,0.00000,29.00000,35.00000,91
11,289,0.01332,0.00000,36.00000,28.00000,99
11,305,0.01331,0.00000,38.00000,26.00000,103
11,321,0.01332,0.00000,35.00000,14.00000,95
11,337,0.01335,0.00000,35.00000,29.00000,98
11,353,0.01334,0.00000,37.00000,27.00000,102
11,369,0.01332,0.00000,30.00000,34.00000,92
11,385,0.01331,0.00000,34.00000,30.00000,97
12,1,0.01577,0.00000,25.00000,19.00000,82
12,17,0.01330,0.00000,36.00000,28.00000,99
12,33,0.01329,0.00000,31.00000,33.00000,92
12,49,0.01335,0.00000,28.00000,36.00000,90
12,65,0.01309,0.00000,31.00000,33.00000,93
12,81,0.01314,0.00000,36.00000,14.00000,96
12,97,0.01315,0.00000,35.00000,29.00000,99
12,113,0.01313,0.00000,28.00000,36.00000,91
12,129,0.01315,0.00000,30.00000,34.00000,92
12,145,0.01309,0.00000,37.00000,27.00000,102
12,161,0.01309,0.00000,28.00000,18.00000,86
12,177,0.01309,0.00000,32.00000,32.00000,95
12,193,0.01306,0.00000,29.00000,35.00000,91
12,209,0.01309,0.00000,31.00000,33.00000,92
12,225,0.01310,0.00000,29.00000,35.00000,91
12,241,0.01309,0.00000,35.00000,14.00000,95
12,257,0.01310,0.00000,27.00000,37.00000,87
12,273,0.01309,0.00000,30.00000,34.00000,92
12,289,0.01305,0.00000,36.00000,28.00000,99
12,305,0.01306,0.00000,26.00000,38.00000,87
12,321,0.01308,0.00000,29.00000,17.00000,86
12,337,0.01310,0.00000,26.00000,38.00000,87
12,353,0.01309,0.00000,35.00000,29.00000,98
12,369,0.01308,0.00000,26.00000,38.00000,86
12,385,0.01307,0.00000,27.00000,37.00000,87
13,1,0.01274,0.00000,31.00000,16.00000,89
13,17,0.01229,0.00000,34.00000,30.00000,97
13,33,0.01262,0.00000,30.00000,34.00000,92
13,49,0.01260,0.00000,28.00000,36.00000,90
13,65,0.01261,0.00000,28.00000,36.00000,90
13,81,0.01246,0.00000,35.00000,14.00000,95
13,97,0.01256,0.00000,29.00000,35.00000,91
13,113,0.01265,0.00000,32.00000,32.00000,94
13,129,0.01264,0.00000,31.00000,33.00000,92
13,145,0.01262,0.00000,26.00000,38.00000,86
13,161,0.01268,0.00000,26.00000,19.00000,82
13,177,0.01271,0.00000,29.00000,35.00000,90
13,193,0.01268,0.00000,32.00000,32.00000,94
13,209,0.01268,0.00000,27.00000,37.00000,87
13,225,0.01263,0.00000,33.00000,31.00000,96
13,241,0.01264,0.00000,31.00000,16.00000,88
13,257,0.01268,0.00000,31.00000,33.00000,92
13,273,0.01268,0.00000,33.00000,31.00000,96
13,289,0.01266,0.00000,34.00000,30.00000,98
13,305,0.01269,0.00000,33.00000,31.00000,96
13,321,0.01268,0.00000,30.00000,17.00000,88
13,337,0.01266,0.00000,32.00000,32.00000,94
13,353,0.01271,0.00000,38.00000,26.00000,103
13,369,0.01271,0.00000,28.00000,36.00000,90
13,385,0.01271,0.00000,33.00000,31.00000,96
14,1,0.01311,0.00000,33.00000,15.00000,92
14,17,0.01327,0.00000,35.00000,29.00000,98
14,33,0.01275,0.00000,29.00000,35.00000,91
14,49,0.01284,0.00000,31.00000,33.00000,92
14,65,0.01285,0.00000,32.00000,32.00000,94
14,81,0.01283,0.00000,30.00000,17.00000,88
14,97,0.01284,0.00000,29.00000,35.00000,91
14,113,0.01280,0.00000,37.00000,27.00000,102
14,129,0.01276,0.00000,32.00000,32.00000,94
14,145,0.01270,0.00000,37.00000,27.00000,102
14,161,0.01273,0.00000,37.00000,13.00000,99
14,177,0.01276,0.00000,29.00000,35.00000,91
14,193,0.01275,0.00000,32.00000,32.00000,94
14,209,0.01275,0.00000,26.00000,38.00000,87
14,225,0.01275,0.00000,36.00000,28.00000,99
14,241,0.01272,0.00000,34.00000,15.00000,94
14,257,0.01270,0.00000,28.00000,36.00000,90
14,273,0.01272,0.00000,26.00000,38.00000,87
14,289,0.01273,0.00000,37.00000,27.00000,102
14,305,0.01273,0.00000,28.00000,36.00000,90
14,321,0.01271,0.00000,31.00000,16.00000,88
14,337,0.01269,0.00000,37.00000,27.00000,102
14,353,0.01267,0.00000,31.00000,33.00000,93
14,369,0.01267,0.00000,27.00000,37.00000,87
14,385,0.01266,0.00000,33.00000,31.00000,96
15,1,0.01207,0.00000,34.00000,15.00000,95
15,17,0.01287,0.00000,25.00000,39.00000,86
15,33,0.01253,0.00000,34.00000,30.00000,98
15,49,0.01269,0.00000,33.00000,31.00000,96
15,65,0.01256,0.00000,34.00000,30.00000,98
15,81,0.01250,0.00000,32.00000,16.00000,90
15,97,0.01247,0.00000,30.00000,34.00000,92
15,113,0.01247,0.00000,30.00000,34.00000,92
15,129,0.01243,0.00000,27.00000,37.00000,88
15,145,0.01238,0.00000,35.00000,29.00000,99
15,161,0.01238,0.00000,35.00000,14.00000,95
15,177,0.01235,0.00000,35.00000,29.00000,98
15,193,0.01236,0.00000,29.00000,35.00000,91
15,209,0.01236,0.00000,30.00000,34.00000,92
15,225,0.01237,0.00000,36.00000,28.00000,99
15,241,0.01237,0.00000,29.00000,17.00000,86
15,257,0.01238,0.00000,33.00000,31.00000,96
15,273,0.01242,0.00000,29.00000,35.00000,91
15,289,0.01244,0.00000,30.00000,34.00000,92
15,305,0.01243,0.00000,34.00000,30.00000,98
15,321,0.01243,0.00000,28.00000,18.00000,86
15,337,0.01242,0.00000,32.00000,32.00000,95
15,353,0.01242,0.00000,30.00000,34.00000,92
15,369,0.01240,0.00000,33.00000,31.00000,101
15,385,0.01243,0.00000,30.00000,34.00000,92
16,1,0.01301,0.00000,31.00000,16.00000,89
16,17,0.01216,0.00000,32.00000,32.00000,94
16,33,0.01210,0.00000,35.00000,29.00000,98
16,49,0.01218,0.00000,33.00000,31.00000,96
16,65,0.01216,0.00000,29.00000,35.00000,91
16,81,0.01223,0.00000,25.00000,19.00000,81
16,97,0.01229,0.00000,27.00000,37.00000,87
16,113,0.01227,0.00000,31.00000,33.00000,92
16,129,0.01223,0.00000,37.00000,27.00000,102
16,145,0.01222,0.00000,29.00000,35.00000,91
16,161,0.01226,0.00000,30.00000,17.00000,88
16,177,0.01227,0.00000,34.00000,30.00000,97
16,193,0.01227,0.00000,26.00000,38.00000,87
16,209,0.01225,0.00000,26.00000,38.00000,86
16,225,0.01227,0.00000,27.00000,37.00000,87
16,241,0.01224,0.00000,33.00000,15.00000,92
16,257,0.01223,0.00000,36.00000,28.00000,99
16,273,0.01221,0.00000,37.00000,27.00000,284
16,289,0.01219,0.00000,34.00000,30.00000,97
16,305,0.01220,0.00000,26.00000,38.00000,87
16,321,0.01225,0.00000,36.00000,14.00000,95
16,337,0.01224,0.00000,28.00000,36.00000,90
16,353,0.01224,0.00000,36.00000,28.00000,99
16,369,0.01223,0.00000,25.00000,39.00000,86
16,385,0.01222,0.00000,31.00000,33.00000,92
17,1,0.01454,0.00000,28.00000,18.00000,86
17,17,0.01234,0.00000,28.00000,36.00000,90
17,33,0.01156,0.00000,30.00000,34.00000,92
17,49,0.01163,0.00000,26.00000,38.00000,86
17,65,0.01155,0.00000,27.00000,37.00000,87
17,81,0.01163,0.00000,33.00000,15.00000,92
17,97,0.01170,0.00000,37.00000,27.00000,102
17,113,0.01181,0.00000,29.00000,35.00000,91
17,129,0.01176,0.00000,34.00000,30.00000,97
17,145,0.01178,0.00000,31.00000,33.00000,92
17,161,0.01177,0.00000,34.00000,15.00000,94
17,177,0.01179,0.00000,35.00000,29.00000,98
17,193,0.01179,0.00000,25.00000,39.00000,86
17,209,0.01182,0.00000,26.00000,38.00000,87
17,225,0.01186,0.00000,33.00000,31.00000,96
17,241,0.01193,0.00000,31.00000,16.00000,88
17,257,0.01194,0.00000,29.00000,35.00000,91
17,273,0.01193,0.00000,29.00000,35.00000,91
17,289,0.01195,0.00000,35.00000,29.00000,98
17,305,0.01195,0.00000,26.00000,38.00000,87
17,321,0.01194,0.00000,33.00000,15.00000,92
17,337,0.01194,0.00000,35.00000,29.00000,99
17,353,0.01191,0.00000,30.00000,34.00000,92
17,369,0.01190,0.00000,32.00000,32.00000,94
17,385,0.01188,0.00000,26.00000,38.00000,87
18,1,0.01155,0.00000,32.00000,16.00000,90
18,17,0.01147,0.00000,30.00000,34.00000,92
18,33,0.01180,0.00000,37.00000,27.00000,102
18,49,0.01166,0.00000,32.00000,32.00000,94
18,65,0.01174,0.00000,34.00000,30.00000,97
18,81,0.01171,0.00000,36.00000,14.00000,95
18,97,0.01166,0.00000,30.00000,34.00000,92
18,113,0.01171,0.00000,32.00000,32.00000,94
18,129,0.01175,0.00000,33.00000,31.00000,96
18,145,0.01170,0.00000,35.00000,29.00000,98
18,161,0.01162,0.00000,33.00000,15.00000,92
18,177,0.01161,0.00000,28.00000,36.00000,90
18,193,0.01166,0.00000,29.00000,35.00000,91
18,209,0.01167,0.00000,32.00000,32.00000,95
18,225,0.01162,0.00000,34.00000,30.00000,98
18,241,0.01161,0.00000,30.00000,17.00000,88
18,257,0.01156,0.00000,32.00000,32.00000,94
18,273,0.01154,0.00000,36.00000,28.00000,99
18,289,0.01156,0.00000,35.00000,29.00000,99
18,305,0.01155,0.00000,36.00000,28.00000,99
18,321,0.01155,0.00000,35.00000,14.00000,95
18,337,0.01155,0.00000,37.00000,27.00000,102
18,353,0.01155,0.00000,36.00000,28.00000,99
18,369,0.01155,0.00000,27.00000,37.00000,88
18,385,0.01155,0.00000,34.00000,30.00000,97
19,1,0.01149,0.00000,29.00000,17.00000,109
19,17,0.01183,0.00000,28.00000,36.00000,90
19,33,0.01156,0.00000,31.00000,33.00000,93
19,49,0.01169,0.00000,34.00000,30.00000,98
19,65,0.01170,0.00000,27.00000,37.00000,88
19,81,0.01171,0.00000,27.00000,18.00000,83
19,97,0.01163,0.00000,36.00000,28.00000,99
19,113,0.01161,0.00000,32.00000,32.00000,95
19,129,0.01156,0.00000,34.00000,30.00000,98
19,145,0.01151,0.00000,29.00000,35.00000,91
19,161,0.01148,0.00000,33.00000,15.00000,92
19,177,0.01143,0.00000,28.00000,36.00000,90
19,193,0.01144,0.00000,27.00000,37.00000,87
19,209,0.01145,0.00000,35.00000,29.00000,98
19,225,0.01144,0.00000,36.00000,28.00000,99
19,241,0.01144,0.00000,31.00000,16.00000,88
19,257,0.01144,0.00000,38.00000,26.00000,103
19,273,0.01144,0.00000,37.00000,27.00000,102
19,289,0.01144,0.00000,34.00000,30.00000,98
19,305,0.01146,0.00000,29.00000,35.00000,91
19,321,0.01148,0.00000,29.00000,17.00000,86
19,337,0.01146,0.00000,27.00000,37.00000,87
19,353,0.01147,0.00000,29.00000,35.00000,91
19,369,0.01146,0.00000,28.00000,36.00000,90
19,385,0.01145,0.00000,30.00000,34.00000,92
20,1,0.00907,0.00000,38.00000,13.00000,100
20,17,0.01141,0.00000,32.00000,32.00000,94
20,33,0.01086,0.00000,31.00000,33.00000,93
20,49,0.01112,0.00000,33.00000,31.00000,96
20,65,0.01120,0.00000,34.00000,30.00000,98
20,81,0.01128,0.00000,26.00000,19.00000,82
20,97,0.01133,0.00000,27.00000,37.00000,87
20,113,0.01143,0.00000,29.00000,35.00000,91
20,129,0.01144,0.00000,37.00000,27.00000,102
20,145,0.01144,0.00000,33.00000,31.00000,96
20,161,0.01140,0.00000,29.00000,17.00000,86
20,177,0.01140,0.00000,30.00000,34.00000,92
20,193,0.01140,0.00000,33.00000,31.00000,96
20,209,0.01137,0.00000,33.00000,31.00000,96
20,225,0.01135,0.00000,33.00000,31.00000,96
20,241,0.01138,0.00000,30.00000,17.00000,88
20,257,0.01139,0.00000,37.00000,27.00000,102
20,273,0.01136,0.00000,27.00000,37.00000,87
20,289,0.01140,0.00000,25.00000,39.00000,86
20,305,0.01140,0.00000,31.00000,33.00000,93
20,321,0.01139,0.00000,35.00000,14.00000,95
20,337,0.01141,0.00000,30.00000,34.00000,92
20,353,0.01140,0.00000,37.00000,27.00000,102
20,369,0.01139,0.00000,33.00000,31.00000,96
20,385,0.01137,0.00000,32.00000,32.00000,94
21,1,0.01019,0.00000,38.00000,13.00000,100
21,17,0.01084,0.00000,37.00000,27.00000,102
21,33,0.01105,0.00000,28.00000,36.00000,90
21,49,0.01109,0.00000,33.00000,31.00000,96
21,65,0.01101,0.00000,34.00000,30.00000,98
21,81,0.01112,0.00000,32.00000,16.00000,90
21,97,0.01115,0.00000,27.00000,37.00000,87
21,113,0.01117,0.00000,37.00000,27.00000,102
21,129,0.01120,0.00000,34.00000,30.00000,98
21,145,0.01118,0.00000,37.00000,27.00000,102
21,161,0.01121,0.00000,27.00000,18.00000,83
21,177,0.01119,0.00000,32.00000,32.00000,94
21,193,0.01116,0.00000,36.00000,28.00000,99
21,209,0.01118,0.00000,31.00000,33.00000,93
21,225,0.01120,0.00000,27.00000,37.00000,87
21,241,0.01124,0.00000,27.00000,18.00000,83
21,257,0.01125,0.00000,30.00000,34.00000,93
21,273,0.01121,0.00000,30.00000,34.00000,93
21,289,0.01120,0.00000,34.00000,30.00000,98
21,305,0.01118,0.00000,34.00000,30.00000,98
21,321,0.01117,0.00000,33.00000,15.00000,92
21,337,0.01118,0.00000,34.00000,30.00000,98
21,353,0.01117,0.00000,36.00000,28.00000,99
21,369,0.01117,0.00000,32.00000,32.00000,94
21,385,0.01120,0.00000,25.00000,39.00000,86
22,1,0.01391,0.00000,26.00000,19.00000,103
22,17,0.01110,0.00000,37.00000,27.00000,102
22,33,0.01054,0.00000,35.00000,29.00000,98
22,49,0.01084,0.00000,30.00000,34.00000,92
22,65,0.01088,0.00000,36.00000,28.00000,99
22,81,0.01081,0.00000,34.00000,15.00000,94
22,97,0.01077,0.00000,28.00000,36.00000,90
22,113,0.01089,0.00000,37.00000,27.00000,102
22,129,0.01096,0.00000,27.00000,37.00000,87
22,145,0.01092,0.00000,33.00000,31.00000,97
22,161,0.01094,0.00000,27.00000,18.00000,83
22,177,0.01095,0.00000,29.00000,35.00000,91
22,193,0.01092,0.00000,31.00000,33.00000,93
22,209,0.01098,0.00000,34.00000,30.00000,98
22,225,0.01095,0.00000,37.00000,27.00000,102
22,241,0.01098,0.00000,34.00000,15.00000,94
22,257,0.01097,0.00000,26.00000,38.00000,86
22,273,0.01095,0.00000,30.00000,34.00000,92
22,289,0.01096,0.00000,27.00000,37.00000,87
22,305,0.01096,0.00000,34.00000,30.00000,97
22,321,0.01099,0.00000,36.00000,14.00000,95
22,337,0.01101,0.00000,26.00000,38.00000,86
22,353,0.01101,0.00000,32.00000,32.00000,94
22,369,0.01099,0.00000,31.00000,33.00000,92
22,385,0.01099,0.00000,36.00000,28.00000,99
23,1,0.00932,0.00000,37.00000,13.00000,99
23,17,0.01099,0.00000,30.00000,34.00000,92
23,33,0.01076,0.00000,36.00000,28.00000,99
23,49,0.01103,0.00000,30.00000,34.00000,92
23,65,0.01098,0.00000,34.00000,30.00000,98
23,81,0.01103,0.00000,25.00000,19.00000,81
23,97,0.01114,0.00000,36.00000,28.00000,99
23,113,0.01105,0.00000,29.00000,35.00000,91
23,129,0.01098,0.00000,37.00000,27.00000,102
23,145,0.01095,0.00000,36.00000,28.00000,99
23,161,0.01097,0.00000,27.00000,18.00000,83
23,177,0.01097,0.00000,30.00000,34.00000,92
23,193,0.01100,0.00000,29.00000,35.00000,91
23,209,0.01104,0.00000,36.00000,28.00000,99
23,225,0.01101,0.00000,28.00000,36.00000,90
23,241,0.01101,0.00000,38.00000,13.00000,99
23,257,0.01104,0.00000,31.00000,33.00000,92
23,273,0.01102,0.00000,36.00000,28.00000,99
23,289,0.01100,0.00000,29.00000,35.00000,91
23,305,0.01099,0.00000,30.00000,34.00000,92
23,321,0.01100,0.00000,29.00000,17.00000,86
23,337,0.01101,0.00000,35.00000,29.00000,98
23,353,0.01102,0.00000,25.00000,39.00000,86
23,369,0.01104,0.00000,36.00000,28.00000,99
23,385,0.01103,0.00000,33.00000,31.00000,96
24,1,0.00864,0.00000,38.00000,13.00000,100
24,17,0.01096,0.00000,33.00000,31.00000,96
24,33,0.01084,0.00000,36.00000,28.00000,99
24,49,0.01070,0.00000,25.00000,39.00000,86
24,65,0.01080,0.00000,28.00000,36.00000,90
24,81,0.01082,0.00000,37.00000,13.00000,99
24,97,0.01080,0.00000,27.00000,37.00000,88
24,113,0.01071,0.00000,35.00000,29.00000,98
24,129,0.01071,0.00000,33.00000,31.00000,96
24,145,0.01063,0.00000,37.00000,27.00000,102
24,161,0.01064,0.00000,28.00000,18.00000,86
24,177,0.01063,0.00000,26.00000,38.00000,87
24,193,0.01061,0.00000,32.00000,32.00000,94
24,209,0.01057,0.00000,28.00000,36.00000,90
24,225,0.01061,0.00000,32.00000,32.00000,94
24,241,0.01063,0.00000,26.00000,19.00000,82
24,257,0.01064,0.00000,36.00000,28.00000,99
24,273,0.01064,0.00000,28.00000,36.00000,90
24,289,0.01070,0.00000,28.00000,36.00000,90
24,305,0.01068,0.00000,36.00000,28.00000,99
24,321,0.01069,0.00000,29.00000,17.00000,86
24,337,0.01069,0.00000,37.00000,27.00000,102
24,353,0.01069,0.00000,32.00000,32.00000,95
24,369,0.01069,0.00000,33.00000,31.00000,96
24,385,0.01069,0.00000,28.00000,36.00000,90
25,1,0.00951,0.00000,34.00000,15.00000,94
25,17,0.01044,0.00000,28.00000,36.00000,90
25,33,0.01047,0.00000,30.00000,34.00000,92
25,49,0.01050,0.00000,33.00000,31.00000,96
25,65,0.01044,0.00000,31.00000,33.00000,92
25,81,0.01054,0.00000,32.00000,16.00000,90
25,97,0.01057,0.00000,33.00000,31.00000,96
25,113,0.01065,0.00000,32.00000,32.00000,94
25,129,0.01060,0.00000,31.00000,33.00000,93
25,145,0.01066,0.00000,28.00000,36.00000,90
25,161,0.01064,0.00000,33.00000,15.00000,92
25,177,0.01063,0.00000,35.00000,29.00000,98
25,193,0.01060,0.00000,37.00000,27.00000,102
25,209,0.01060,0.00000,33.00000,31.00000,96
25,225,0.01060,0.00000,29.00000,35.00000,91
25,241,0.01063,0.00000,29.00000,17.00000,86
25,257,0.01063,0.00000,35.00000,29.00000,98
25,273,0.01063,0.00000,27.00000,37.00000,88
25,289,0.01064,0.00000,31.00000,33.00000,93
25,305,0.01063,0.00000,31.00000,33.00000,93
25,321,0.01065,0.00000,28.00000,18.00000,86
25,337,0.01066,0.00000,25.00000,39.00000,86
25,353,0.01067,0.00000,36.00000,28.00000,99
25,369,0.01068,0.00000,33.00000,31.00000,96
25,385,0.01072,0.00000,32.00000,32.00000,94
26,1,0.01057,0.00000,36.00000,14.00000,97
26,17,0.01022,0.00000,37.00000,27.00000,102
26,33,0.01028,0.00000,32.00000,32.00000,94
26,49,0.01053,0.00000,28.00000,36.00000,90
26,65,0.01042,0.00000,37.00000,27.00000,102
26,81,0.01046,0.00000,37.00000,13.00000,99
26,97,0.01054,0.00000,34.00000,30.00000,98
26,113,0.01058,0.00000,27.00000,37.00000,87
26,129,0.01062,0.00000,36.00000,28.00000,99
26,145,0.01055,0.00000,26.00000,38.00000,87
26,161,0.01050,0.00000,32.00000,16.00000,90
26,177,0.01057,0.00000,30.00000,34.00000,92
26,193,0.01061,0.00000,32.00000,32.00000,94
26,209,0.01058,0.00000,31.00000,33.00000,93
26,225,0.01059,0.00000,30.00000,34.00000,92
26,241,0.01057,0.00000,34.00000,15.00000,94
26,257,0.01057,0.00000,32.00000,32.00000,94
26,273,0.01059,0.00000,28.00000,36.00000,90
26,289,0.01061,0.00000,26.00000,38.00000,87
26,305,0.01061,0.00000,38.00000,26.00000,103
26,321,0.01063,0.00000,34.00000,15.00000,94
26,337,0.01065,0.00000,33.00000,31.00000,96
26,353,0.01068,0.00000,29.00000,35.00000,91
26,369,0.01068,0.00000,36.00000,28.00000,99
26,385,0.01066,0.00000,33.00000,31.00000,96
27,1,0.00990,0.00000,36.00000,14.00000,96
27,17,0.01023,0.00000,29.00000,35.00000,91
27,33,0.01030,0.00000,35.00000,29.00000,99
27,49,0.01032,0.00000,27.00000,37.00000,88
27,65,0.01042,0.00000,32.00000,32.00000,95
27,81,0.01030,0.00000,29.00000,17.00000,87
27,97,0.01032,0.00000,28.00000,36.00000,91
27,113,0.01031,0.00000,35.00000,29.00000,98
27,129,0.01030,0.00000,36.00000,28.00000,99
27,145,0.01031,0.00000,30.00000,34.00000,92
27,161,0.01031,0.00000,35.00000,14.00000,95
27,177,0.01036,0.00000,37.00000,27.00000,102
27,193,0.01041,0.00000,28.00000,36.00000,90
27,209,0.01044,0.00000,25.00000,39.00000,86
27,225,0.01044,0.00000,31.00000,33.00000,92
27,241,0.01047,0.00000,27.00000,18.00000,83
27,257,0.01043,0.00000,30.00000,34.00000,92
27,273,0.01041,0.00000,37.00000,27.00000,102
27,289,0.01041,0.00000,32.00000,32.00000,94
27,305,0.01042,0.00000,36.00000,28.00000,99
27,321,0.01042,0.00000,37.00000,13.00000,98
27,337,0.01044,0.00000,34.00000,30.00000,97
27,353,0.01041,0.00000,37.00000,27.00000,102
27,369,0.01040,0.00000,28.00000,36.00000,90
27,385,0.01039,0.00000,38.00000,26.00000,103
28,1,0.01191,0.00000,27.00000,18.00000,104
28,17,0.01024,0.00000,37.00000,27.00000,102
28,33,0.01000,0.00000,28.00000,36.00000,90
28,49,0.01029,0.00000,29.00000,35.00000,91
28,65,0.01011,0.00000,36.00000,28.00000,99
28,81,0.01015,0.00000,35.00000,14.00000,95
28,97,0.01019,0.00000,34.00000,30.00000,98
28,113,0.01028,0.00000,25.00000,39.00000,86
28,129,0.01027,0.00000,38.00000,26.00000,103
28,145,0.01033,0.00000,34.00000,30.00000,98
28,161,0.01035,0.00000,31.00000,16.00000,88
28,177,0.01037,0.00000,26.00000,38.00000,87
28,193,0.01038,0.00000,25.00000,39.00000,86
28,209,0.01041,0.00000,30.00000,34.00000,92
28,225,0.01044,0.00000,33.00000,31.00000,96
28,241,0.01043,0.00000,26.00000,19.00000,82
28,257,0.01040,0.00000,31.00000,33.00000,93
28,273,0.01037,0.00000,31.00000,33.00000,93
28,289,0.01038,0.00000,37.00000,27.00000,102
28,305,0.01040,0.00000,34.00000,30.00000,98
28,321,0.01042,0.00000,26.00000,19.00000,82
28,337,0.01040,0.00000,34.00000,30.00000,98
28,353,0.01043,0.00000,35.00000,29.00000,98
28,369,0.01042,0.00000,26.00000,38.00000,87
28,385,0.01042,0.00000,34.00000,30.00000,98
29,1,0.00912,0.00000,37.00000,13.00000,99
29,17,0.01042,0.00000,30.00000,34.00000,93
29,33,0.01023,0.00000,33.00000,31.00000,96
29,49,0.01042,0.00000,37.00000,27.00000,102
29,65,0.01044,0.00000,34.00000,30.00000,97
29,81,0.01048,0.00000,34.00000,15.00000,94
29,97,0.01060,0.00000,26.00000,38.00000,86
29,113,0.01064,0.00000,29.00000,35.00000,91
29,129,0.01062,0.00000,26.00000,38.00000,87
29,145,0.01058,0.00000,33.00000,31.00000,96
29,161,0.01055,0.00000,28.00000,18.00000,86
29,177,0.01048,0.00000,33.00000,31.00000,96
29,193,0.01049,0.00000,33.00000,31.00000,96
29,209,0.01049,0.00000,32.00000,32.00000,94
29,225,0.01053,0.00000,29.00000,35.00000,91
29,241,0.01049,0.00000,34.00000,15.00000,94
29,257,0.01049,0.00000,30.00000,34.00000,92
29,273,0.01048,0.00000,33.00000,31.00000,96
29,289,0.01046,0.00000,37.00000,27.00000,102
29,305,0.01047,0.00000,28.00000,36.00000,90
29,321,0.01049,0.00000,36.00000,14.00000,95
29,337,0.01048,0.00000,35.00000,29.00000,98
29,353,0.01048,0.00000,29.00000,35.00000,91
29,369,0.01049,0.00000,25.00000,39.00000,86
29,385,0.01048,0.00000,30.00000,34.00000,92
30,1,0.01284,0.00000,27.00000,18.00000,83
30,17,0.01090,0.00000,26.00000,38.00000,87
30,33,0.01078,0.00000,30.00000,34.00000,92
30,49,0.01071,0.00000,32.00000,32.00000,95
30,65,0.01045,0.00000,29.00000,35.00000,91
30,81,0.01040,0.00000,30.00000,17.00000,88
30,97,0.01039,0.00000,26.00000,38.00000,87
30,113,0.01041,0.00000,34.00000,30.00000,97
30,129,0.01035,0.00000,29.00000,35.00000,91
30,145,0.01032,0.00000,35.00000,29.00000,98
30,161,0.01028,0.00000,35.00000,14.00000,95
30,177,0.01028,0.00000,32.00000,32.00000,94
30,193,0.01032,0.00000,27.00000,37.00000,87
30,209,0.01028,0.00000,32.00000,32.00000,94
30,225,0.01026,0.00000,29.00000,35.00000,91
30,241,0.01023,0.00000,28.00000,18.00000,86
30,257,0.01027,0.00000,28.00000,36.00000,90
30,273,0.01030,0.00000,32.00000,32.00000,94
30,289,0.01029,0.00000,28.00000,36.00000,90
30,305,0.01030,0.00000,34.00000,30.00000,97
30,321,0.01032,0.00000,27.00000,18.00000,83
30,337,0.01032,0.00000,33.00000,31.00000,96
30,353,0.01030,0.00000,32.00000,32.00000,94
30,369,0.01029,0.00000,30.00000,34.00000,92
30,385,0.01030,0.00000,26.00000,38.00000,86
epoch,itr,loss,uncertainty,maskA,maskB,time_ms
1,1,0.21174,0.000000,30.00000,34.00000,11225
1,17,0.17368,0.000000,36.00000,28.00000,99
1,33,0.16123,0.000000,27.00000,37.00000,88
1,49,0.15342,0.000000,32.00000,32.00000,94
1,65,0.14777,0.000000,37.00000,27.00000,102
1,81,0.14292,0.000000,30.00000,34.00000,92
1,97,0.13847,0.000000,26.00000,38.00000,87
1,113,0.13439,0.000000,38.00000,26.00000,103
1,129,0.13048,0.000000,27.00000,37.00000,88
1,145,0.12674,0.000000,26.00000,38.00000,87
1,161,0.12314,0.000000,33.00000,31.00000,96
1,177,0.11969,0.000000,31.00000,33.00000,93
1,193,0.11637,0.000000,26.00000,38.00000,87
1,209,0.11327,0.000000,33.00000,31.00000,97
1,225,0.11028,0.000000,35.00000,29.00000,99
1,241,0.10742,0.000000,36.00000,28.00000,99
1,257,0.10470,0.000000,29.00000,35.00000,91
1,273,0.10217,0.000000,33.00000,31.00000,96
1,289,0.09973,0.000000,30.00000,34.00000,92
1,305,0.09739,0.000000,29.00000,35.00000,91
1,321,0.09512,0.000000,27.00000,37.00000,88
1,337,0.09296,0.000000,28.00000,36.00000,90
1,353,0.09090,0.000000,32.00000,32.00000,95
1,369,0.08894,0.000000,34.00000,30.00000,98
1,385,0.08709,0.000000,36.00000,28.00000,99
2,1,0.04129,0.000000,29.00000,35.00000,91
2,17,0.04204,0.000000,37.00000,27.00000,102
2,33,0.04221,0.000000,34.00000,30.00000,98
2,49,0.04154,0.000000,33.00000,31.00000,97
2,65,0.04094,0.000000,35.00000,29.00000,98
2,81,0.04028,0.000000,36.00000,28.00000,99
2,97,0.03979,0.000000,38.00000,26.00000,103
2,113,0.03925,0.000000,28.00000,36.00000,90
2,129,0.03882,0.000000,26.00000,38.00000,86
2,145,0.03837,0.000000,34.00000,30.00000,98
2,161,0.03790,0.000000,37.00000,27.00000,102
2,177,0.03748,0.000000,32.00000,32.00000,95
2,193,0.03713,0.000000,28.00000,36.00000,90
2,209,0.03678,0.000000,33.00000,31.00000,96
2,225,0.03647,0.000000,33.00000,31.00000,96
2,241,0.03610,0.000000,29.00000,35.00000,91
2,257,0.03575,0.000000,35.00000,29.00000,99
2,273,0.03539,0.000000,37.00000,27.00000,102
2,289,0.03510,0.000000,30.00000,34.00000,92
2,305,0.03481,0.000000,37.00000,27.00000,102
2,321,0.03451,0.000000,32.00000,32.00000,94
2,337,0.03425,0.000000,26.00000,38.00000,87
2,353,0.03397,0.000000,34.00000,30.00000,97
2,369,0.03369,0.000000,29.00000,35.00000,91
2,385,0.03347,0.000000,33.00000,31.00000,96
3,1,0.02597,0.000000,36.00000,28.00000,99
3,17,0.02729,0.000000,37.00000,27.00000,102
3,33,0.02730,0.000000,34.00000,30.00000,98
3,49,0.02741,0.000000,31.00000,33.00000,93
3,65,0.02730,0.000000,31.00000,33.00000,93
3,81,0.02707,0.000000,30.00000,34.00000,92
3,97,0.02691,0.000000,27.00000,37.00000,88
3,113,0.02680,0.000000,27.00000,37.00000,88
3,129,0.02671,0.000000,35.00000,29.00000,99
3,145,0.02654,0.000000,26.00000,38.00000,87
3,161,0.02642,0.000000,35.00000,29.00000,98
3,177,0.02630,0.000000,29.00000,35.00000,91
3,193,0.02614,0.000000,34.00000,30.00000,98
3,209,0.02604,0.000000,28.00000,36.00000,90
3,225,0.02592,0.000000,25.00000,39.00000,86
3,241,0.02580,0.000000,34.00000,30.00000,98
3,257,0.02563,0.000000,31.00000,33.00000,93
3,273,0.02550,0.000000,33.00000,31.00000,97
3,289,0.02542,0.000000,25.00000,39.00000,86
3,305,0.02537,0.000000,27.00000,37.00000,88
3,321,0.02524,0.000000,36.00000,28.00000,99
3,337,0.02512,0.000000,28.00000,36.00000,91
3,353,0.02500,0.000000,28.00000,36.00000,91
3,369,0.02485,0.000000,30.00000,34.00000,92
3,385,0.02475,0.000000,32.00000,32.00000,94
4,1,0.02074,0.000000,35.00000,29.00000,99
4,17,0.02231,0.000000,32.00000,32.00000,94
4,33,0.02248,0.000000,37.00000,27.00000,103
4,49,0.02267,0.000000,32.00000,32.00000,95
4,65,0.02249,0.000000,38.00000,26.00000,103
4,81,0.02238,0.000000,37.00000,27.00000,102
4,97,0.02225,0.000000,34.00000,30.00000,98
4,113,0.02222,0.000000,27.00000,37.00000,88
4,129,0.02211,0.000000,36.00000,28.00000,99
4,145,0.02202,0.000000,26.00000,38.00000,87
4,161,0.02194,0.000000,27.00000,37.00000,88
4,177,0.02188,0.000000,30.00000,34.00000,92
4,193,0.02184,0.000000,28.00000,36.00000,90
4,209,0.02181,0.000000,26.00000,38.00000,87
4,225,0.02174,0.000000,26.00000,38.00000,87
4,241,0.02167,0.000000,35.00000,29.00000,98
4,257,0.02158,0.000000,31.00000,33.00000,92
4,273,0.02154,0.000000,32.00000,32.00000,94
4,289,0.02149,0.000000,29.00000,35.00000,91
4,305,0.02142,0.000000,33.00000,31.00000,96
4,321,0.02133,0.000000,29.00000,35.00000,91
4,337,0.02125,0.000000,36.00000,28.00000,99
4,353,0.02118,0.000000,37.00000,27.00000,102
4,369,0.02112,0.000000,33.00000,31.00000,96
epoch,itr,loss,uncertainty,maskA,maskB,time_ms
1,1,0.21502,0.000000,32.00000,32.00000,10513
1,17,0.15462,0.000000,36.00000,28.00000,360
1,33,0.13846,0.000000,27.00000,37.00000,317
1,49,0.12599,0.000000,32.00000,32.00000,344
1,65,0.11572,0.000000,37.00000,27.00000,368
1,81,0.10750,0.000000,30.00000,34.00000,333
1,97,0.10113,0.000000,26.00000,38.00000,315
2,1,0.06831,0.000000,37.00000,27.00000,368
2,17,0.06712,0.000000,37.00000,27.00000,367
2,33,0.06560,0.000000,37.00000,27.00000,368
2,49,0.06405,0.000000,32.00000,32.00000,344
2,65,0.06286,0.000000,28.00000,36.00000,325
2,81,0.06180,0.000000,29.00000,35.00000,328
2,97,0.06104,0.000000,26.00000,38.00000,315
3,1,0.05607,0.000000,29.00000,35.00000,329
3,17,0.05643,0.000000,30.00000,34.00000,333
3,33,0.05571,0.000000,37.00000,27.00000,369
3,49,0.05572,0.000000,34.00000,30.00000,355
3,65,0.05513,0.000000,29.00000,35.00000,329
3,81,0.05439,0.000000,34.00000,30.00000,354
3,97,0.05381,0.000000,25.00000,39.00000,311
4,1,0.04854,0.000001,34.00000,30.00000,355
4,17,0.04951,0.000001,37.00000,27.00000,368
4,33,0.04867,0.000001,36.00000,28.00000,361
4,49,0.04816,0.000001,35.00000,29.00000,358
4,65,0.04766,0.000001,35.00000,29.00000,358
4,81,0.04724,0.000001,29.00000,17.00000,312
4,97,0.04682,0.000001,31.00000,33.00000,337
5,1,0.04564,0.000002,28.00000,18.00000,308
5,17,0.04205,0.000002,35.00000,29.00000,358
5,33,0.04160,0.000002,28.00000,36.00000,325
5,49,0.04052,0.000003,29.00000,35.00000,328
5,65,0.03945,0.000003,26.00000,38.00000,315
5,81,0.03853,0.000003,29.00000,17.00000,312
5,97,0.03779,0.000003,25.00000,39.00000,311
6,1,0.03213,0.000004,36.00000,14.00000,348
6,17,0.03400,0.000004,36.00000,28.00000,361
6,33,0.03348,0.000004,30.00000,34.00000,333
6,49,0.03246,0.000005,26.00000,38.00000,315
6,65,0.03143,0.000005,33.00000,31.00000,350
6,81,0.03083,0.000005,37.00000,13.00000,355
6,97,0.03035,0.000005,38.00000,26.00000,372
7,1,0.02895,0.000007,28.00000,18.00000,308
7,17,0.02699,0.000007,33.00000,31.00000,350
7,33,0.02684,0.000007,33.00000,31.00000,350
7,49,0.02674,0.000007,29.00000,35.00000,329
7,65,0.02643,0.000007,35.00000,29.00000,359
7,81,0.02604,0.000007,37.00000,13.00000,355
7,97,0.02580,0.000007,30.00000,34.00000,333
8,1,0.02440,0.000008,31.00000,16.00000,321
8,17,0.02447,0.000008,28.00000,36.00000,325
8,33,0.02442,0.000008,29.00000,35.00000,330
8,49,0.02426,0.000008,32.00000,32.00000,345
8,65,0.02397,0.000008,37.00000,27.00000,369
8,81,0.02406,0.000008,32.00000,16.00000,329
8,97,0.02399,0.000008,35.00000,29.00000,358
9,1,0.02066,0.000008,37.00000,13.00000,355
9,17,0.02264,0.000008,31.00000,33.00000,336
9,33,0.02249,0.000009,32.00000,32.00000,344
9,49,0.02263,0.000009,29.00000,35.00000,328
9,65,0.02252,0.000009,25.00000,39.00000,311
9,81,0.02241,0.000009,32.00000,16.00000,329
9,97,0.02233,0.000009,35.00000,29.00000,357
10,1,0.01980,0.000009,35.00000,14.00000,344
10,17,0.02145,0.000010,29.00000,35.00000,329
10,33,0.02178,0.000010,26.00000,38.00000,314
10,49,0.02161,0.000009,35.00000,29.00000,358
10,65,0.02154,0.000010,27.00000,37.00000,317
10,81,0.02132,0.000010,29.00000,17.00000,311
10,97,0.02116,0.000010,33.00000,31.00000,349
11,1,0.01974,0.000010,33.00000,15.00000,334
11,17,0.02020,0.000010,37.00000,27.00000,368
11,33,0.02020,0.000010,38.00000,26.00000,371
11,49,0.02046,0.000010,29.00000,35.00000,328
11,65,0.02020,0.000011,34.00000,30.00000,354
11,81,0.02002,0.000011,29.00000,17.00000,311
11,97,0.02004,0.000011,33.00000,31.00000,349
12,1,0.01920,0.000012,29.00000,17.00000,311
12,17,0.01970,0.000012,34.00000,30.00000,354
12,33,0.01926,0.000012,31.00000,33.00000,336
12,49,0.01896,0.000013,27.00000,37.00000,317
12,65,0.01887,0.000013,37.00000,27.00000,368
12,81,0.01863,0.000013,34.00000,15.00000,340
12,97,0.01851,0.000013,35.00000,29.00000,357
13,1,0.01782,0.000014,32.00000,16.00000,329
13,17,0.01812,0.000015,34.00000,30.00000,354
13,33,0.01795,0.000015,35.00000,29.00000,358
13,49,0.01814,0.000014,28.00000,36.00000,325
13,65,0.01791,0.000014,31.00000,33.00000,336
13,81,0.01776,0.000014,36.00000,14.00000,347
13,97,0.01770,0.000014,29.00000,35.00000,328
14,1,0.01760,0.000016,31.00000,16.00000,320
14,17,0.01739,0.000016,33.00000,31.00000,349
14,33,0.01731,0.000016,35.00000,29.00000,358
14,49,0.01733,0.000015,35.00000,29.00000,358
14,65,0.01738,0.000015,36.00000,28.00000,360
14,81,0.01738,0.000015,31.00000,16.00000,320
14,97,0.01731,0.000015,32.00000,32.00000,344
15,1,0.01669,0.000016,33.00000,15.00000,334
15,17,0.01728,0.000016,26.00000,38.00000,315
15,33,0.01713,0.000017,30.00000,34.00000,333
15,49,0.01701,0.000017,38.00000,26.00000,371
15,65,0.01689,0.000017,34.00000,30.00000,354
15,81,0.01679,0.000017,28.00000,18.00000,307
15,97,0.01680,0.000017,34.00000,30.00000,354
16,1,0.01614,0.000018,31.00000,16.00000,320
16,17,0.01629,0.000018,28.00000,36.00000,324
16,33,0.01605,0.000018,29.00000,35.00000,328
16,49,0.01605,0.000018,37.00000,27.00000,368
16,65,0.01605,0.000018,26.00000,38.00000,314
16,81,0.01605,0.000019,26.00000,19.00000,296
16,97,0.01610,0.000019,25.00000,39.00000,311
17,1,0.01607,0.000018,30.00000,17.00000,317
17,17,0.01603,0.000018,29.00000,35.00000,328
17,33,0.01559,0.000020,26.00000,38.00000,314
17,49,0.01560,0.000020,37.00000,27.00000,368
17,65,0.01564,0.000021,29.00000,35.00000,328
17,81,0.01559,0.000021,27.00000,18.00000,299
17,97,0.01554,0.000021,36.00000,28.00000,360
18,1,0.01608,0.000023,28.00000,18.00000,308
18,17,0.01520,0.000023,26.00000,38.00000,315
18,33,0.01503,0.000023,26.00000,38.00000,315
18,49,0.01495,0.000023,36.00000,28.00000,361
18,65,0.01497,0.000023,28.00000,36.00000,325
18,81,0.01486,0.000023,34.00000,15.00000,341
18,97,0.01485,0.000023,37.00000,27.00000,368
19,1,0.01584,0.000024,27.00000,18.00000,299
19,17,0.01495,0.000023,35.00000,29.00000,358
19,33,0.01468,0.000024,36.00000,28.00000,361
19,49,0.01491,0.000024,31.00000,33.00000,337
19,65,0.01487,0.000024,34.00000,30.00000,354
19,81,0.01492,0.000025,34.00000,15.00000,340
19,97,0.01474,0.000025,25.00000,39.00000,311
20,1,0.01249,0.000025,36.00000,14.00000,348
20,17,0.01320,0.000025,32.00000,32.00000,344
20,33,0.01332,0.000026,26.00000,38.00000,314
20,49,0.01350,0.000026,31.00000,33.00000,336
20,65,0.01371,0.000026,25.00000,39.00000,311
20,81,0.01373,0.000027,38.00000,13.00000,359
20,97,0.01383,0.000027,30.00000,34.00000,333
21,1,0.01373,0.000031,33.00000,15.00000,334
21,17,0.01396,0.000030,32.00000,32.00000,344
21,33,0.01417,0.000028,27.00000,37.00000,317
21,49,0.01399,0.000028,34.00000,30.00000,354
21,65,0.01386,0.000029,32.00000,32.00000,344
21,81,0.01393,0.000029,32.00000,16.00000,329
21,97,0.01383,0.000029,32.00000,32.00000,344
22,1,0.01211,0.000028,37.00000,13.00000,355
22,17,0.01344,0.000029,31.00000,33.00000,336
22,33,0.01363,0.000030,37.00000,27.00000,367
22,49,0.01355,0.000030,34.00000,30.00000,354
22,65,0.01352,0.000030,30.00000,34.00000,333
22,81,0.01355,0.000030,30.00000,17.00000,316
22,97,0.01357,0.000030,30.00000,34.00000,333
23,1,0.01374,0.000032,30.00000,17.00000,317
23,17,0.01321,0.000032,31.00000,33.00000,336
23,33,0.01327,0.000031,36.00000,28.00000,361
23,49,0.01332,0.000031,36.00000,28.00000,360
23,65,0.01329,0.000032,32.00000,32.00000,344
23,81,0.01328,0.000032,34.00000,15.00000,340
23,97,0.01326,0.000032,34.00000,30.00000,354
24,1,0.01193,0.000030,35.00000,14.00000,344
24,17,0.01309,0.000031,26.00000,38.00000,314
24,33,0.01331,0.000032,32.00000,32.00000,344
24,49,0.01320,0.000032,35.00000,29.00000,357
24,65,0.01311,0.000032,29.00000,35.00000,328
24,81,0.01320,0.000032,34.00000,15.00000,340
24,97,0.01321,0.000032,35.00000,29.00000,357
25,1,0.01138,0.000034,35.00000,14.00000,344
25,17,0.01331,0.000034,34.00000,30.00000,354
25,33,0.01328,0.000033,33.00000,31.00000,349
25,49,0.01340,0.000033,27.00000,37.00000,317
25,65,0.01322,0.000033,36.00000,28.00000,360
25,81,0.01318,0.000033,35.00000,14.00000,343
25,97,0.01318,0.000034,26.00000,38.00000,314
26,1,0.01290,0.000034,31.00000,16.00000,320
26,17,0.01271,0.000036,36.00000,28.00000,360
26,33,0.01292,0.000035,26.00000,38.00000,315
26,49,0.01311,0.000034,25.00000,39.00000,311
26,65,0.01293,0.000034,36.00000,28.00000,361
26,81,0.01292,0.000034,34.00000,15.00000,340
26,97,0.01301,0.000034,30.00000,34.00000,333
27,1,0.01168,0.000035,34.00000,15.00000,340
27,17,0.01300,0.000036,34.00000,30.00000,354
27,33,0.01277,0.000036,29.00000,35.00000,328
27,49,0.01279,0.000035,37.00000,27.00000,368
27,65,0.01275,0.000036,28.00000,36.00000,325
27,81,0.01284,0.000036,34.00000,15.00000,340
27,97,0.01296,0.000036,29.00000,35.00000,328
28,1,0.01322,0.000034,30.00000,17.00000,316
28,17,0.01275,0.000034,27.00000,37.00000,317
28,33,0.01304,0.000035,34.00000,30.00000,354
28,49,0.01299,0.000035,27.00000,37.00000,317
28,65,0.01296,0.000035,38.00000,26.00000,372
28,81,0.01292,0.000035,32.00000,16.00000,329
28,97,0.01288,0.000035,37.00000,27.00000,368
29,1,0.01203,0.000036,31.00000,16.00000,320
29,17,0.01263,0.000036,36.00000,28.00000,360
29,33,0.01280,0.000035,26.00000,38.00000,315
29,49,0.01306,0.000036,26.00000,38.00000,315
29,65,0.01300,0.000036,34.00000,30.00000,354
29,81,0.01296,0.000036,37.00000,13.00000,355
29,97,0.01294,0.000036,34.00000,30.00000,354
30,1,0.01305,0.000035,30.00000,17.00000,316
30,17,0.01218,0.000036,26.00000,38.00000,315
30,33,0.01256,0.000036,26.00000,38.00000,315
30,49,0.01249,0.000036,32.00000,32.00000,344
30,65,0.01269,0.000036,27.00000,37.00000,317
30,81,0.01264,0.000036,36.00000,14.00000,347
30,97,0.01271,0.000036,29.00000,35.00000,328
epoch,itr,loss,uncertainty,maskA,maskB,time_ms
1,1,0.21504,0.000000,30.00000,34.00000,9793
1,17,0.15464,0.000000,36.00000,28.00000,360
1,33,0.13844,0.000000,27.00000,37.00000,317
1,49,0.12600,0.000000,32.00000,32.00000,344
1,65,0.11582,0.000001,37.00000,27.00000,368
1,81,0.10769,0.000001,30.00000,17.00000,316
1,97,0.10127,0.000001,26.00000,38.00000,314
2,1,0.06792,0.000003,37.00000,13.00000,355
2,17,0.06690,0.000004,37.00000,27.00000,368
2,33,0.06572,0.000004,37.00000,27.00000,368
2,49,0.06420,0.000006,32.00000,32.00000,344
2,65,0.06277,0.000011,28.00000,36.00000,325
2,81,0.06168,0.000015,29.00000,17.00000,311
2,97,0.06073,0.000017,26.00000,38.00000,315
3,1,0.05442,0.000039,36.00000,14.00000,348
3,17,0.05626,0.000040,30.00000,34.00000,333
3,33,0.05560,0.000040,37.00000,27.00000,368
3,49,0.05617,0.000038,34.00000,30.00000,355
3,65,0.05575,0.000040,29.00000,35.00000,328
3,81,0.05494,0.000041,34.00000,15.00000,341
3,97,0.05435,0.000041,25.00000,39.00000,311
4,1,0.05021,0.000051,27.00000,18.00000,300
4,17,0.04961,0.000050,37.00000,27.00000,368
4,33,0.04887,0.000057,36.00000,28.00000,362
4,49,0.04838,0.000058,35.00000,29.00000,358
4,65,0.04795,0.000068,35.00000,29.00000,358
4,81,0.04790,0.000072,29.00000,17.00000,311
4,97,0.04759,0.000077,31.00000,33.00000,336
5,1,0.04675,0.000101,28.00000,18.00000,308
5,17,0.04477,0.000120,35.00000,29.00000,358
5,33,0.04401,0.000131,28.00000,36.00000,324
5,49,0.04341,0.000141,29.00000,35.00000,328
5,65,0.04297,0.000158,26.00000,38.00000,314
5,81,0.04201,0.000176,29.00000,17.00000,311
5,97,0.04113,0.000187,25.00000,39.00000,311
6,1,0.03580,0.000314,36.00000,14.00000,348
6,17,0.03436,0.000359,36.00000,28.00000,360
6,33,0.03384,0.000404,30.00000,34.00000,333
6,49,0.03312,0.000421,26.00000,38.00000,315
6,65,0.03229,0.000433,33.00000,31.00000,349
6,81,0.03174,0.000455,37.00000,13.00000,355
6,97,0.03134,0.000467,38.00000,26.00000,372
7,1,0.03047,0.000644,26.00000,19.00000,296
7,17,0.02795,0.000647,33.00000,31.00000,349
7,33,0.02747,0.000661,33.00000,31.00000,349
7,49,0.02729,0.000649,29.00000,35.00000,328
7,65,0.02716,0.000645,35.00000,29.00000,358
7,81,0.02685,0.000639,37.00000,13.00000,355
7,97,0.02658,0.000648,30.00000,34.00000,333
8,1,0.02583,0.000741,31.00000,16.00000,320
8,17,0.02500,0.000676,28.00000,36.00000,324
8,33,0.02479,0.000710,29.00000,35.00000,328
8,49,0.02460,0.000704,32.00000,32.00000,344
8,65,0.02446,0.000734,37.00000,27.00000,368
8,81,0.02433,0.000735,32.00000,16.00000,329
8,97,0.02426,0.000730,35.00000,29.00000,358
9,1,0.02163,0.000694,36.00000,14.00000,348
9,17,0.02283,0.000717,31.00000,33.00000,336
9,33,0.02277,0.000733,32.00000,32.00000,344
9,49,0.02281,0.000768,29.00000,35.00000,328
9,65,0.02265,0.000792,25.00000,39.00000,311
9,81,0.02267,0.000796,32.00000,16.00000,329
9,97,0.02255,0.000806,35.00000,29.00000,358
10,1,0.02012,0.000861,35.00000,14.00000,344
10,17,0.02182,0.000879,29.00000,35.00000,328
10,33,0.02187,0.000905,26.00000,38.00000,314
10,49,0.02154,0.000896,35.00000,29.00000,357
10,65,0.02154,0.000916,27.00000,37.00000,317
10,81,0.02134,0.000947,29.00000,17.00000,311
10,97,0.02121,0.000950,33.00000,31.00000,349
11,1,0.01941,0.000882,34.00000,15.00000,340
11,17,0.02048,0.000922,37.00000,27.00000,368
11,33,0.02042,0.000915,38.00000,26.00000,372
11,49,0.02056,0.000957,29.00000,35.00000,328
11,65,0.02028,0.000977,34.00000,30.00000,354
11,81,0.02010,0.001012,29.00000,17.00000,312
11,97,0.02017,0.001018,33.00000,31.00000,349
12,1,0.01997,0.001148,29.00000,17.00000,311
12,17,0.01981,0.001109,34.00000,30.00000,354
12,33,0.01941,0.001124,31.00000,33.00000,336
12,49,0.01914,0.001167,27.00000,37.00000,317
12,65,0.01900,0.001193,37.00000,27.00000,368
12,81,0.01876,0.001199,34.00000,15.00000,340
12,97,0.01866,0.001205,35.00000,29.00000,357
13,1,0.01635,0.001281,35.00000,14.00000,344
13,17,0.01834,0.001381,34.00000,30.00000,354
13,33,0.01815,0.001317,35.00000,29.00000,357
13,49,0.01822,0.001287,28.00000,36.00000,324
13,65,0.01798,0.001274,31.00000,33.00000,336
13,81,0.01787,0.001274,36.00000,14.00000,347
13,97,0.01784,0.001290,29.00000,35.00000,328
14,1,0.01638,0.001324,34.00000,15.00000,340
14,17,0.01751,0.001360,33.00000,31.00000,350
14,33,0.01749,0.001367,35.00000,29.00000,358
14,49,0.01736,0.001377,35.00000,29.00000,358
14,65,0.01734,0.001404,36.00000,28.00000,360
14,81,0.01731,0.001402,31.00000,16.00000,320
14,97,0.01725,0.001418,32.00000,32.00000,344
15,1,0.01566,0.001408,34.00000,15.00000,341
15,17,0.01728,0.001474,26.00000,38.00000,314
15,33,0.01715,0.001555,30.00000,34.00000,333
15,49,0.01706,0.001557,38.00000,26.00000,371
15,65,0.01696,0.001573,34.00000,30.00000,355
15,81,0.01686,0.001620,28.00000,18.00000,307
15,97,0.01686,0.001625,34.00000,30.00000,354
16,1,0.01727,0.001751,30.00000,17.00000,316
16,17,0.01642,0.001723,28.00000,36.00000,324
16,33,0.01609,0.001699,29.00000,35.00000,328
16,49,0.01604,0.001712,37.00000,27.00000,367
16,65,0.01608,0.001729,26.00000,38.00000,315
16,81,0.01611,0.001784,26.00000,19.00000,296
16,97,0.01616,0.001785,25.00000,39.00000,311
17,1,0.01575,0.001557,30.00000,17.00000,316
17,17,0.01613,0.001584,29.00000,35.00000,328
17,33,0.01569,0.001748,26.00000,38.00000,314
17,49,0.01574,0.001755,37.00000,27.00000,368
17,65,0.01577,0.001816,29.00000,35.00000,328
17,81,0.01572,0.001842,27.00000,18.00000,299
17,97,0.01570,0.001850,36.00000,28.00000,360
18,1,0.01394,0.001830,34.00000,15.00000,340
18,17,0.01562,0.001890,26.00000,38.00000,315
18,33,0.01545,0.001914,26.00000,38.00000,314
18,49,0.01541,0.001932,36.00000,28.00000,360
18,65,0.01542,0.001916,28.00000,36.00000,324
18,81,0.01533,0.001941,34.00000,15.00000,340
18,97,0.01533,0.001973,37.00000,27.00000,368
19,1,0.01543,0.002033,29.00000,17.00000,312
19,17,0.01528,0.001987,35.00000,29.00000,358
19,33,0.01513,0.002028,36.00000,28.00000,360
19,49,0.01542,0.002003,31.00000,33.00000,336
19,65,0.01540,0.001992,34.00000,30.00000,354
19,81,0.01547,0.002003,34.00000,15.00000,340
19,97,0.01529,0.002017,25.00000,39.00000,311
20,1,0.01452,0.002146,31.00000,16.00000,320
20,17,0.01379,0.002117,32.00000,32.00000,344
20,33,0.01387,0.002147,26.00000,38.00000,315
20,49,0.01405,0.002146,31.00000,33.00000,336
20,65,0.01426,0.002187,25.00000,39.00000,311
20,81,0.01427,0.002195,38.00000,13.00000,360
20,97,0.01436,0.002201,30.00000,34.00000,333
21,1,0.01416,0.002316,33.00000,15.00000,334
21,17,0.01440,0.002264,32.00000,32.00000,344
21,33,0.01461,0.002184,27.00000,37.00000,317
21,49,0.01444,0.002191,34.00000,30.00000,354
21,65,0.01431,0.002230,32.00000,32.00000,344
21,81,0.01440,0.002249,32.00000,16.00000,329
21,97,0.01430,0.002261,32.00000,32.00000,344
22,1,0.01226,0.002252,37.00000,13.00000,355
22,17,0.01385,0.002349,31.00000,33.00000,336
22,33,0.01404,0.002369,37.00000,27.00000,368
22,49,0.01394,0.002341,34.00000,30.00000,354
22,65,0.01392,0.002341,30.00000,34.00000,333
22,81,0.01396,0.002348,30.00000,17.00000,316
22,97,0.01399,0.002364,30.00000,34.00000,333
23,1,0.01510,0.002670,27.00000,18.00000,299
23,17,0.01348,0.002507,31.00000,33.00000,336
23,33,0.01357,0.002490,36.00000,28.00000,360
23,49,0.01364,0.002463,36.00000,28.00000,360
23,65,0.01362,0.002501,32.00000,32.00000,344
23,81,0.01361,0.002501,34.00000,15.00000,340
23,97,0.01359,0.002496,34.00000,30.00000,354
24,1,0.01548,0.002516,27.00000,18.00000,299
24,17,0.01346,0.002500,26.00000,38.00000,315
24,33,0.01369,0.002503,32.00000,32.00000,344
24,49,0.01357,0.002500,35.00000,29.00000,357
24,65,0.01347,0.002522,29.00000,35.00000,328
24,81,0.01357,0.002525,34.00000,15.00000,340
24,97,0.01359,0.002539,35.00000,29.00000,357
25,1,0.01251,0.002646,32.00000,16.00000,329
25,17,0.01360,0.002646,34.00000,30.00000,354
25,33,0.01359,0.002610,33.00000,31.00000,349
25,49,0.01372,0.002607,27.00000,37.00000,317
25,65,0.01355,0.002600,36.00000,28.00000,360
25,81,0.01351,0.002613,35.00000,14.00000,344
25,97,0.01351,0.002628,26.00000,38.00000,315
26,1,0.01138,0.002619,36.00000,14.00000,348
26,17,0.01306,0.002720,36.00000,28.00000,360
26,33,0.01326,0.002659,26.00000,38.00000,315
26,49,0.01344,0.002638,25.00000,39.00000,311
26,65,0.01326,0.002643,36.00000,28.00000,360
26,81,0.01325,0.002632,34.00000,15.00000,340
26,97,0.01335,0.002639,30.00000,34.00000,333
27,1,0.01304,0.002685,30.00000,17.00000,316
27,17,0.01331,0.002744,34.00000,30.00000,354
27,33,0.01309,0.002717,29.00000,35.00000,328
27,49,0.01311,0.002696,37.00000,27.00000,368
27,65,0.01308,0.002730,28.00000,36.00000,325
27,81,0.01316,0.002715,34.00000,15.00000,340
27,97,0.01329,0.002721,29.00000,35.00000,328
28,1,0.01342,0.002590,30.00000,17.00000,317
28,17,0.01308,0.002633,27.00000,37.00000,317
28,33,0.01337,0.002669,34.00000,30.00000,354
28,49,0.01332,0.002681,27.00000,37.00000,317
28,65,0.01328,0.002683,38.00000,26.00000,372
28,81,0.01324,0.002685,32.00000,16.00000,329
28,97,0.01321,0.002693,37.00000,27.00000,368
29,1,0.01128,0.002705,34.00000,15.00000,340
29,17,0.01289,0.002754,36.00000,28.00000,360
29,33,0.01308,0.002721,26.00000,38.00000,314
29,49,0.01335,0.002745,26.00000,38.00000,314
29,65,0.01329,0.002738,34.00000,30.00000,354
29,81,0.01326,0.002754,37.00000,13.00000,355
29,97,0.01324,0.002751,34.00000,30.00000,354
30,1,0.01540,0.002698,25.00000,19.00000,292
30,17,0.01247,0.002741,26.00000,38.00000,315
30,33,0.01285,0.002753,26.00000,38.00000,314
30,49,0.01277,0.002760,32.00000,32.00000,344
30,65,0.01298,0.002783,27.00000,37.00000,317
30,81,0.01293,0.002760,36.00000,14.00000,347
30,97,0.01300,0.002746,29.00000,35.00000,328
